;My status;Have you participated in the Local Friendship Programme before?;The Programme;The Principles;By submitting the data, I agree to the processing of the information provided in this form for the purpose of matching local friends and students. (Data Protection Act and Regulation);All participants of the Local Freindship Programme are responsible for their own activities and insurance, and are not liable to each other for any damage caused by each other. The University of Jyväskylä is not liable for any damage caused by the activities of the Local Friendship Programme.;;My/Our Profile;;;;;;;;;;;Your future friend's profile;;;;;;;;;;;Please, name the language(s) you can speak and add your proficiency level in each:;;;;Please, name the language(s) you can speak and add your proficiency level in each: Open text answers;;Languages and levels of your associates:;Hobbies and interests I/we appreaciate (Original);;;;;;;;;;;;;;Hobbies and interests I/we appreaciate (Original) Open text answers;My gender identity;Friend's gender identity;My age This is asked to help matching in cases when age is relevant.;Friend's age .  Note1: This is asked to help match people where age is the most important matching criteria for you. Note 2: By selecting a narrow age scale, you are strongly limiting your chances of finding a friend. We cannot guarantee that there will be a friend available to match your age request.  ;;;;;;;;;;;Pet allergies and your preferences;;;;;Pet allergies and your preferences Open text answers;;Please, tell us what motivates you to participate in the programme.;Things you appreciate in a friend. Please, take into account the Principlces of the programme.;Additional information Please provide any additional information that can assist us in matching you with a student/local friend.;The must match criteria;Specs for your criteria: Fields of studies;Specs for your criteria: Language;Specs for your criteria: Hobbies and interests;Specs for your criteria: Profile type;Specs for your criteria: Gender identity;Specs for your criteria: Age;Specs for your criteria: Other
ID;-;-;-;-;-;-;Country of Origin ;one person;a couple;a pair of friends;a small group of friends (3-4 people);a family with children under 5 years;a family with children of 5 to 15 years;a family with children over 15 years;an empty nester(s) (i.e. an individual or a couple whose children have grown up and moved away);a Finnish JYU degree student interested in becoming a local friend;a native Finn;someone who is not originally from Finland but has made Finland their new home;one person;a couple;a pair of friends;a small group of friends (3-4 people);a family with children under 5 years;a family with children of 5 to 15 years;a family with children over 15 years;an empty nester(s) (i.e. an individual or a couple whose children have grown up and moved away);a Finnish JYU degree student interested in becoming a local friend;a native Finn;someone who is not originally from Finland but has made Finland their new home;English;Suomi;Language 1:;Language 2:;Language 1: Open text answers;Language 2: Open text answers;-;Sports and Outdoor Activities | This category includes activities such as basketball, volleyball, football, swimming, hiking, mountain-climbing, skiing, snowboarding, canoeing, rowing, and cycling.;Music enjoying | This category includes activities such as listening to music, going to concerts.;"Music playing | This category includes activities such as singing, playing an instrument(s) (piano, guitar, flute, cello, base etc.); which one(s)";Reading and Writing | This category includes activities such as literature, writing stories, blogging,;Cooking and Baking | This category includes activities such as cooking a particular type of a cuisine, wine tasting, making cocktails/mocktails, baking and decorating cakes, and trying new cuisines.;Nature and Outdoor Exploration | This category includes activities such as berry or mushroom picking, hiking/trekking, tenting, having a picnic, roasting marshmallows on a campfire, fishing, hunting, exploring nature, and visiting natural attractions.;Travelling and adventure | This category includes activities such as visiting new places and exploring new (sub)cultures.;Socializing and Entertainment | This category includes activities such as going to cafes or pubs, watching movies and shows together, playing video/board games, partying and dancing.;Personal Development and Learning | This category includes activities such as discussing science and technology, society, history, philosophy, and recent news.;Animal and Nature-Related Interests | This category includes activities such as liking and being interested in pets (particularly cats and dogs) and/or wild animals, plants, or home gardening.;Handicrafts | This category includes activities such as making DIY crafts, jewelry, crochet/knitting, wood-work, and forging workshops.;Visual Art | This category includes activities such as drawing, painting, photography, architecture, and illustration and design.;Cultural heritage | This category includes activities for sharing and exploring cultural features and traditions,such as manners, communication, history, traditional festivals and social behaviour. In Finland, for example, this includes sauna and summerhouse culture.;Other:;Other: Open text answers;-;-;-;All ages are fine ;18 - 25;26 - 30;31 - 35;36 - 40;41 - 45;46 - 50;51- 55;56 - 60;61 - 65;Over 65;I/we do have a pet(s):;I/we don't have any pets.;All pets are welcome.;I/We do not want any pets to be part of the visits.;I/we do not want a particlular kind of pet(s) to be part of the visits, due to allergies or other reasons (e.g. dog(s)):;I/we do have a pet(s): Open text answers;I/we do not want a particlular kind of pet(s) to be part of the visits, due to allergies or other reasons (e.g. dog(s)): Open text answers;-;-;-;-;Please specify:;Please specify:;Please specify:;Please specify:;Please specify:;Please specify:;Please specify:
S1;I am a international JYU degree student applying to become a student friend for a local person(s).;No;I am familiar with the Local Friendship Programme.;I appreciate the principles of the Local Friendship Programme, which are all about inclusivity, respect and understanding.;I agree.;I agree.;India;one person;;;;;;;;;;;one person;a couple;;a small group of friends (3-4 people);a family with children under 5 years;a family with children of 5 to 15 years;a family with children over 15 years;an empty nester(s) (i.e. an individual or a couple whose children have grown up and moved away);;;;Good;Basic;Native/very good;;Hindi;;;Sports and Outdoor Activities | This category includes activities such as basketball, volleyball, football, swimming, hiking, mountain-climbing, skiing, snowboarding, canoeing, rowing, and cycling.;Music enjoying | This category includes activities such as listening to music, going to concerts.;"Music playing | This category includes activities such as singing, playing an instrument(s) (piano, guitar, flute, cello, base etc.); which one(s)";Reading and Writing | This category includes activities such as literature, writing stories, blogging,;;;Travelling and adventure | This category includes activities such as visiting new places and exploring new (sub)cultures.;Socializing and Entertainment | This category includes activities such as going to cafes or pubs, watching movies and shows together, playing video/board games, partying and dancing.;Personal Development and Learning | This category includes activities such as discussing science and technology, society, history, philosophy, and recent news.;Animal and Nature-Related Interests | This category includes activities such as liking and being interested in pets (particularly cats and dogs) and/or wild animals, plants, or home gardening.;;Visual Art | This category includes activities such as drawing, painting, photography, architecture, and illustration and design.;Cultural heritage | This category includes activities for sharing and exploring cultural features and traditions,such as manners, communication, history, traditional festivals and social behaviour. In Finland, for example, this includes sauna and summerhouse culture.;;;Female;All are fine;31 - 35;All ages are fine ;;;;;;;;;;;;;;I/We do not want any pets to be part of the visits.;;;;Sharing my culture;;;;;;;;;;
S2;I am a international JYU degree student applying to become a student friend for a local person(s).;No;I am familiar with the Local Friendship Programme.;I appreciate the principles of the Local Friendship Programme, which are all about inclusivity, respect and understanding.;I agree.;I agree.;Iran;one person;;;;;;;;;;;one person;;;;a family with children under 5 years;;;;a Finnish JYU degree student interested in becoming a local friend;;;Native/very good;Basic;Native/very good;;Persian;;;Sports and Outdoor Activities | This category includes activities such as basketball, volleyball, football, swimming, hiking, mountain-climbing, skiing, snowboarding, canoeing, rowing, and cycling.;;;;Cooking and Baking | This category includes activities such as cooking a particular type of a cuisine, wine tasting, making cocktails/mocktails, baking and decorating cakes, and trying new cuisines.;;;;;Animal and Nature-Related Interests | This category includes activities such as liking and being interested in pets (particularly cats and dogs) and/or wild animals, plants, or home gardening.;Handicrafts | This category includes activities such as making DIY crafts, jewelry, crochet/knitting, wood-work, and forging workshops.;Visual Art | This category includes activities such as drawing, painting, photography, architecture, and illustration and design.;;;;Female;Female;36 - 40;;;;31 - 35;36 - 40;41 - 45;46 - 50;;;;;;I/we don't have any pets.;All pets are welcome.;;;;;Practising languages;;;Gender identity;;;;;A female friend, please;;
S3;I am a international JYU degree student applying to become a student friend for a local person(s).;Yes;I am familiar with the Local Friendship Programme.;I appreciate the principles of the Local Friendship Programme, which are all about inclusivity, respect and understanding.;I agree.;I agree.;Japan;;;;;;a family with children of 5 to 15 years;;;;;;one person;a couple;;;a family with children under 5 years;a family with children of 5 to 15 years;;;a Finnish JYU degree student interested in becoming a local friend;;;Native/very good;Basic;Native/very good;;Japanese;;;;;;;;;Travelling and adventure | This category includes activities such as visiting new places and exploring new (sub)cultures.;Socializing and Entertainment | This category includes activities such as going to cafes or pubs, watching movies and shows together, playing video/board games, partying and dancing.;;Animal and Nature-Related Interests | This category includes activities such as liking and being interested in pets (particularly cats and dogs) and/or wild animals, plants, or home gardening.;;Visual Art | This category includes activities such as drawing, painting, photography, architecture, and illustration and design.;;;;Female;All are fine;26 - 30;;;26 - 30;31 - 35;36 - 40;41 - 45;;;;;;;;All pets are welcome.;;;;;Sharing my culture;;;;;;;;;;
S4;I am a international JYU degree student applying to become a student friend for a local person(s).;Yes;I am familiar with the Local Friendship Programme.;I appreciate the principles of the Local Friendship Programme, which are all about inclusivity, respect and understanding.;I agree.;I agree.;Nigeria;one person;;;;;;;;;;;one person;a couple;a pair of friends;a small group of friends (3-4 people);a family with children under 5 years;;a family with children over 15 years;an empty nester(s) (i.e. an individual or a couple whose children have grown up and moved away);;;;Native/very good;Basic;Native/very good;;Yoruba;;;;;;;;;;Socializing and Entertainment | This category includes activities such as going to cafes or pubs, watching movies and shows together, playing video/board games, partying and dancing.;Personal Development and Learning | This category includes activities such as discussing science and technology, society, history, philosophy, and recent news.;Animal and Nature-Related Interests | This category includes activities such as liking and being interested in pets (particularly cats and dogs) and/or wild animals, plants, or home gardening.;Handicrafts | This category includes activities such as making DIY crafts, jewelry, crochet/knitting, wood-work, and forging workshops.;;Cultural heritage | This category includes activities for sharing and exploring cultural features and traditions,such as manners, communication, history, traditional festivals and social behaviour. In Finland, for example, this includes sauna and summerhouse culture.;;;;All are fine;26 - 30;All ages are fine ;;;;;;;;;;;;;All pets are welcome.;;;;;Practising languages;;;;;;;;;;
S5;I am a international JYU degree student applying to become a student friend for a local person(s).;No;I am familiar with the Local Friendship Programme.;I appreciate the principles of the Local Friendship Programme, which are all about inclusivity, respect and understanding.;I agree.;I agree.;Vietnam;;;;a small group of friends (3-4 people);;;;;;;;one person;a couple;;;a family with children under 5 years;a family with children of 5 to 15 years;a family with children over 15 years;an empty nester(s) (i.e. an individual or a couple whose children have grown up and moved away);;;;Native/very good;Basic;Native/very good;;Vietnamese;;;;Music enjoying | This category includes activities such as listening to music, going to concerts.;;;Cooking and Baking | This category includes activities such as cooking a particular type of a cuisine, wine tasting, making cocktails/mocktails, baking and decorating cakes, and trying new cuisines.;;Travelling and adventure | This category includes activities such as visiting new places and exploring new (sub)cultures.;Socializing and Entertainment | This category includes activities such as going to cafes or pubs, watching movies and shows together, playing video/board games, partying and dancing.;;;;Visual Art | This category includes activities such as drawing, painting, photography, architecture, and illustration and design.;;;;Male;All are fine;21 - 25;All ages are fine ;;;;;;;;;;;;I/we don't have any pets.;All pets are welcome.;;;;;Meeting new people;Honesty and humour;;Language;;My friend must speak English well enough for a real conversation;;;;;
S6;I am a international JYU degree student applying to become a student friend for a local person(s).;No;I am familiar with the Local Friendship Programme.;I appreciate the principles of the Local Friendship Programme, which are all about inclusivity, respect and understanding.;I agree.;I agree.;Brazil;one person;;;;;;;;;;;one person;a couple;;a small group of friends (3-4 people);a family with children under 5 years;a family with children of 5 to 15 years;;;a Finnish JYU degree student interested in becoming a local friend;;;Good;Basic;Native/very good;;Portuguese;;;Sports and Outdoor Activities | This category includes activities such as basketball, volleyball, football, swimming, hiking, mountain-climbing, skiing, snowboarding, canoeing, rowing, and cycling.;Music enjoying | This category includes activities such as listening to music, going to concerts.;"Music playing | This category includes activities such as singing, playing an instrument(s) (piano, guitar, flute, cello, base etc.); which one(s)";;Cooking and Baking | This category includes activities such as cooking a particular type of a cuisine, wine tasting, making cocktails/mocktails, baking and decorating cakes, and trying new cuisines.;Nature and Outdoor Exploration | This category includes activities such as berry or mushroom picking, hiking/trekking, tenting, having a picnic, roasting marshmallows on a campfire, fishing, hunting, exploring nature, and visiting natural attractions.;;Socializing and Entertainment | This category includes activities such as going to cafes or pubs, watching movies and shows together, playing video/board games, partying and dancing.;;Animal and Nature-Related Interests | This category includes activities such as liking and being interested in pets (particularly cats and dogs) and/or wild animals, plants, or home gardening.;;;Cultural heritage | This category includes activities for sharing and exploring cultural features and traditions,such as manners, communication, history, traditional festivals and social behaviour. In Finland, for example, this includes sauna and summerhouse culture.;;;Male;Female;26 - 30;;18 - 25;;;;;;;;;;;;;I/We do not want any pets to be part of the visits.;;;;Learning about Finland;Open mind;;;;;;;;;
S7;I am a international JYU degree student applying to become a student friend for a local person(s).;Yes;I am familiar with the Local Friendship Programme.;I appreciate the principles of the Local Friendship Programme, which are all about inclusivity, respect and understanding.;I agree.;I agree.;Germany;one person;;;;;;;;;;;one person;;a pair of friends;a small group of friends (3-4 people);;a family with children of 5 to 15 years;;an empty nester(s) (i.e. an individual or a couple whose children have grown up and moved away);;;;Native/very good;Basic;Native/very good;;German;;;;;;;;Nature and Outdoor Exploration | This category includes activities such as berry or mushroom picking, hiking/trekking, tenting, having a picnic, roasting marshmallows on a campfire, fishing, hunting, exploring nature, and visiting natural attractions.;;;;;Handicrafts | This category includes activities such as making DIY crafts, jewelry, crochet/knitting, wood-work, and forging workshops.;;Cultural heritage | This category includes activities for sharing and exploring cultural features and traditions,such as manners, communication, history, traditional festivals and social behaviour. In Finland, for example, this includes sauna and summerhouse culture.;;;Female;All are fine;41 - 45;;;;;36 - 40;41 - 45;46 - 50;51- 55;;;;;;;I/We do not want any pets to be part of the visits.;;;;Meeting new people;;;Hobbies and interests;;;Sports and nature;;;;
S8;I am a international JYU degree student applying to become a student friend for a local person(s).;;I am familiar with the Local Friendship Programme.;I appreciate the principles of the Local Friendship Programme, which are all about inclusivity, respect and understanding.;I agree.;I agree.;Nepal;one person;;;;;;;;;;;one person;;a pair of friends;a small group of friends (3-4 people);;;;an empty nester(s) (i.e. an individual or a couple whose children have grown up and moved away);;;;Good;Basic;Native/very good;;Nepali;;;Sports and Outdoor Activities | This category includes activities such as basketball, volleyball, football, swimming, hiking, mountain-climbing, skiing, snowboarding, canoeing, rowing, and cycling.;Music enjoying | This category includes activities such as listening to music, going to concerts.;;Reading and Writing | This category includes activities such as literature, writing stories, blogging,;;Nature and Outdoor Exploration | This category includes activities such as berry or mushroom picking, hiking/trekking, tenting, having a picnic, roasting marshmallows on a campfire, fishing, hunting, exploring nature, and visiting natural attractions.;Travelling and adventure | This category includes activities such as visiting new places and exploring new (sub)cultures.;Socializing and Entertainment | This category includes activities such as going to cafes or pubs, watching movies and shows together, playing video/board games, partying and dancing.;Personal Development and Learning | This category includes activities such as discussing science and technology, society, history, philosophy, and recent news.;Animal and Nature-Related Interests | This category includes activities such as liking and being interested in pets (particularly cats and dogs) and/or wild animals, plants, or home gardening.;Handicrafts | This category includes activities such as making DIY crafts, jewelry, crochet/knitting, wood-work, and forging workshops.;;Cultural heritage | This category includes activities for sharing and exploring cultural features and traditions,such as manners, communication, history, traditional festivals and social behaviour. In Finland, for example, this includes sauna and summerhouse culture.;;;Male;All are fine;36 - 40;;;;;36 - 40;41 - 45;46 - 50;51- 55;;;;;;All pets are welcome.;;;;;Learning about Finland;Open mind;;;;;;;;;
S9;I am a international JYU degree student applying to become a student friend for a local person(s).;No;I am familiar with the Local Friendship Programme.;I appreciate the principles of the Local Friendship Programme, which are all about inclusivity, respect and understanding.;I agree.;I agree.;China;one person;;;;;;;;;;;one person;;;a small group of friends (3-4 people);a family with children under 5 years;;a family with children over 15 years;;;;;Good;Basic;Native/very good;;Chinese;;;;;"Music playing | This category includes activities such as singing, playing an instrument(s) (piano, guitar, flute, cello, base etc.); which one(s)";;Cooking and Baking | This category includes activities such as cooking a particular type of a cuisine, wine tasting, making cocktails/mocktails, baking and decorating cakes, and trying new cuisines.;Nature and Outdoor Exploration | This category includes activities such as berry or mushroom picking, hiking/trekking, tenting, having a picnic, roasting marshmallows on a campfire, fishing, hunting, exploring nature, and visiting natural attractions.;Travelling and adventure | This category includes activities such as visiting new places and exploring new (sub)cultures.;;;;;;;;;Female;All are fine;36 - 40;;;;31 - 35;36 - 40;41 - 45;;;;;;;I/we don't have any pets.;All pets are welcome.;;;;;Practising languages;;;Profile type;;;;A family with a child aged 6-12;;;
S10;I am a international JYU degree student applying to become a student friend for a local person(s).;No;I am familiar with the Local Friendship Programme.;I appreciate the principles of the Local Friendship Programme, which are all about inclusivity, respect and understanding.;I agree.;I agree.;Ghana;one person;;;;;;;;;;;one person;a couple;;;a family with children under 5 years;a family with children of 5 to 15 years;a family with children over 15 years;an empty nester(s) (i.e. an individual or a couple whose children have grown up and moved away);;;;Native/very good;Basic;Native/very good;;Twi;;;Sports and Outdoor Activities | This category includes activities such as basketball, volleyball, football, swimming, hiking, mountain-climbing, skiing, snowboarding, canoeing, rowing, and cycling.;Music enjoying | This category includes activities such as listening to music, going to concerts.;"Music playing | This category includes activities such as singing, playing an instrument(s) (piano, guitar, flute, cello, base etc.); which one(s)";;;Nature and Outdoor Exploration | This category includes activities such as berry or mushroom picking, hiking/trekking, tenting, having a picnic, roasting marshmallows on a campfire, fishing, hunting, exploring nature, and visiting natural attractions.;Travelling and adventure | This category includes activities such as visiting new places and exploring new (sub)cultures.;;Personal Development and Learning | This category includes activities such as discussing science and technology, society, history, philosophy, and recent news.;;Handicrafts | This category includes activities such as making DIY crafts, jewelry, crochet/knitting, wood-work, and forging workshops.;;Cultural heritage | This category includes activities for sharing and exploring cultural features and traditions,such as manners, communication, history, traditional festivals and social behaviour. In Finland, for example, this includes sauna and summerhouse culture.;;;Female;Female;41 - 45;;;;;;41 - 45;;;;;;;I/we don't have any pets.;All pets are welcome.;;;;;Learning about Finland;Reliability;;;;;;;;;
S11;I am a international JYU degree student applying to become a student friend for a local person(s).;Yes;I am familiar with the Local Friendship Programme.;I appreciate the principles of the Local Friendship Programme, which are all about inclusivity, respect and understanding.;I agree.;I agree.;Mexico;one person;;;;;;;;;;;one person;a couple;;;a family with children under 5 years;;;;;;;Native/very good;Basic;Native/very good;;Spanish;;;Sports and Outdoor Activities | This category includes activities such as basketball, volleyball, football, swimming, hiking, mountain-climbing, skiing, snowboarding, canoeing, rowing, and cycling.;;"Music playing | This category includes activities such as singing, playing an instrument(s) (piano, guitar, flute, cello, base etc.); which one(s)";;;Nature and Outdoor Exploration | This category includes activities such as berry or mushroom picking, hiking/trekking, tenting, having a picnic, roasting marshmallows on a campfire, fishing, hunting, exploring nature, and visiting natural attractions.;;;;;Handicrafts | This category includes activities such as making DIY crafts, jewelry, crochet/knitting, wood-work, and forging workshops.;;;;;Female;Female;31 - 35;All ages are fine ;;;;;;;;;;;;I/we don't have any pets.;All pets are welcome.;;;;;Sharing my culture;Open mind;;Language;;Finnish, native level - I want to practise;;;;;
S12;I am a international JYU degree student applying to become a student friend for a local person(s).;Yes;I am familiar with the Local Friendship Programme.;I appreciate the principles of the Local Friendship Programme, which are all about inclusivity, respect and understanding.;I agree.;I agree.;Bangladesh;one person;;;;;;;;;;;one person;;;;a family with children under 5 years;;a family with children over 15 years;;;;;Native/very good;Basic;Native/very good;;Bengali;;;Sports and Outdoor Activities | This category includes activities such as basketball, volleyball, football, swimming, hiking, mountain-climbing, skiing, snowboarding, canoeing, rowing, and cycling.;Music enjoying | This category includes activities such as listening to music, going to concerts.;;Reading and Writing | This category includes activities such as literature, writing stories, blogging,;;;;;;;;;;;;Female;All are fine;21 - 25;;18 - 25;26 - 30;31 - 35;;;;;;;;;;All pets are welcome.;;;;;Meeting new people;;;;;;;;;;
S13;I am a international JYU degree student applying to become a student friend for a local person(s).;Yes;I am familiar with the Local Friendship Programme.;I appreciate the principles of the Local Friendship Programme, which are all about inclusivity, respect and understanding.;I agree.;I agree.;Indonesia;one person;;;;;;;;;;;one person;;a pair of friends;;a family with children under 5 years;a family with children of 5 to 15 years;a family with children over 15 years;an empty nester(s) (i.e. an individual or a couple whose children have grown up and moved away);;;;Native/very good;Basic;Native/very good;;Indonesian;;;Sports and Outdoor Activities | This category includes activities such as basketball, volleyball, football, swimming, hiking, mountain-climbing, skiing, snowboarding, canoeing, rowing, and cycling.;;"Music playing | This category includes activities such as singing, playing an instrument(s) (piano, guitar, flute, cello, base etc.); which one(s)";;Cooking and Baking | This category includes activities such as cooking a particular type of a cuisine, wine tasting, making cocktails/mocktails, baking and decorating cakes, and trying new cuisines.;Nature and Outdoor Exploration | This category includes activities such as berry or mushroom picking, hiking/trekking, tenting, having a picnic, roasting marshmallows on a campfire, fishing, hunting, exploring nature, and visiting natural attractions.;Travelling and adventure | This category includes activities such as visiting new places and exploring new (sub)cultures.;Socializing and Entertainment | This category includes activities such as going to cafes or pubs, watching movies and shows together, playing video/board games, partying and dancing.;;;;Visual Art | This category includes activities such as drawing, painting, photography, architecture, and illustration and design.;Cultural heritage | This category includes activities for sharing and exploring cultural features and traditions,such as manners, communication, history, traditional festivals and social behaviour. In Finland, for example, this includes sauna and summerhouse culture.;;;Female;All are fine;36 - 40;All ages are fine ;;;;;;;;;;;;;All pets are welcome.;;;;;Sharing my culture;Open mind;;;;;;;;;
S14;I am a international JYU degree student applying to become a student friend for a local person(s).;No;I am familiar with the Local Friendship Programme.;I appreciate the principles of the Local Friendship Programme, which are all about inclusivity, respect and understanding.;I agree.;I agree.;Ukraine;one person;;;;;;;;;;;one person;a couple;a pair of friends;;;;;;;;;Native/very good;Basic;Native/very good;;Ukrainian;;;Sports and Outdoor Activities | This category includes activities such as basketball, volleyball, football, swimming, hiking, mountain-climbing, skiing, snowboarding, canoeing, rowing, and cycling.;;;;Cooking and Baking | This category includes activities such as cooking a particular type of a cuisine, wine tasting, making cocktails/mocktails, baking and decorating cakes, and trying new cuisines.;Nature and Outdoor Exploration | This category includes activities such as berry or mushroom picking, hiking/trekking, tenting, having a picnic, roasting marshmallows on a campfire, fishing, hunting, exploring nature, and visiting natural attractions.;;;Personal Development and Learning | This category includes activities such as discussing science and technology, society, history, philosophy, and recent news.;Animal and Nature-Related Interests | This category includes activities such as liking and being interested in pets (particularly cats and dogs) and/or wild animals, plants, or home gardening.;;;;;;Male;Female;26 - 30;;18 - 25;26 - 30;31 - 35;36 - 40;;;;;;;;;;I/We do not want any pets to be part of the visits.;;;;Practising languages;Open mind;;Other;;;;;;;Hobbies and what I appreciate in a friend matter most
S15;I am a international JYU degree student applying to become a student friend for a local person(s).;No;I am familiar with the Local Friendship Programme.;I appreciate the principles of the Local Friendship Programme, which are all about inclusivity, respect and understanding.;I agree.;I agree.;Kenya;one person;;;;;;;;;;;one person;;;;;;a family with children over 15 years;;a Finnish JYU degree student interested in becoming a local friend;;;Native/very good;Good;Native/very good;;Swahili;;;Sports and Outdoor Activities | This category includes activities such as basketball, volleyball, football, swimming, hiking, mountain-climbing, skiing, snowboarding, canoeing, rowing, and cycling.;;;Reading and Writing | This category includes activities such as literature, writing stories, blogging,;Cooking and Baking | This category includes activities such as cooking a particular type of a cuisine, wine tasting, making cocktails/mocktails, baking and decorating cakes, and trying new cuisines.;;;;Personal Development and Learning | This category includes activities such as discussing science and technology, society, history, philosophy, and recent news.;;;Visual Art | This category includes activities such as drawing, painting, photography, architecture, and illustration and design.;;;;Male;All are fine;31 - 35;;;;31 - 35;;;;;;;;;;All pets are welcome.;;;;;Sharing my culture;Reliability;;;;;;;;;
S16;I am a international JYU degree student applying to become a student friend for a local person(s).;Yes;I am familiar with the Local Friendship Programme.;I appreciate the principles of the Local Friendship Programme, which are all about inclusivity, respect and understanding.;I agree.;I agree.;Peru;one person;;;;;;;;;;;one person;;;a small group of friends (3-4 people);;;;an empty nester(s) (i.e. an individual or a couple whose children have grown up and moved away);;;;Native/very good;Basic;Native/very good;;Spanish;;;;;;Reading and Writing | This category includes activities such as literature, writing stories, blogging,;;Nature and Outdoor Exploration | This category includes activities such as berry or mushroom picking, hiking/trekking, tenting, having a picnic, roasting marshmallows on a campfire, fishing, hunting, exploring nature, and visiting natural attractions.;Travelling and adventure | This category includes activities such as visiting new places and exploring new (sub)cultures.;;Personal Development and Learning | This category includes activities such as discussing science and technology, society, history, philosophy, and recent news.;;;Visual Art | This category includes activities such as drawing, painting, photography, architecture, and illustration and design.;;;;Female;All are fine;26 - 30;;18 - 25;26 - 30;31 - 35;36 - 40;;;;;;;;I/we don't have any pets.;All pets are welcome.;;;;;Sharing my culture;Open mind;;Profile type;;;;Someone with a university degree;;;
S17;I am a international JYU degree student applying to become a student friend for a local person(s).;No;I am familiar with the Local Friendship Programme.;I appreciate the principles of the Local Friendship Programme, which are all about inclusivity, respect and understanding.;I agree.;I agree.;Turkey;one person;;;;;;;;;;;one person;;a pair of friends;;;;;an empty nester(s) (i.e. an individual or a couple whose children have grown up and moved away);;;;Good;Basic;Native/very good;;Turkish;;;Sports and Outdoor Activities | This category includes activities such as basketball, volleyball, football, swimming, hiking, mountain-climbing, skiing, snowboarding, canoeing, rowing, and cycling.;Music enjoying | This category includes activities such as listening to music, going to concerts.;"Music playing | This category includes activities such as singing, playing an instrument(s) (piano, guitar, flute, cello, base etc.); which one(s)";;Cooking and Baking | This category includes activities such as cooking a particular type of a cuisine, wine tasting, making cocktails/mocktails, baking and decorating cakes, and trying new cuisines.;;Travelling and adventure | This category includes activities such as visiting new places and exploring new (sub)cultures.;Socializing and Entertainment | This category includes activities such as going to cafes or pubs, watching movies and shows together, playing video/board games, partying and dancing.;;Animal and Nature-Related Interests | This category includes activities such as liking and being interested in pets (particularly cats and dogs) and/or wild animals, plants, or home gardening.;Handicrafts | This category includes activities such as making DIY crafts, jewelry, crochet/knitting, wood-work, and forging workshops.;;Cultural heritage | This category includes activities for sharing and exploring cultural features and traditions,such as manners, communication, history, traditional festivals and social behaviour. In Finland, for example, this includes sauna and summerhouse culture.;;;;All are fine;21 - 25;;18 - 25;26 - 30;;;;;;;;;;;All pets are welcome.;;;;;Sharing my culture;Honesty and humour;;;;;;;;;
S18;I am a international JYU degree student applying to become a student friend for a local person(s).;;I am familiar with the Local Friendship Programme.;I appreciate the principles of the Local Friendship Programme, which are all about inclusivity, respect and understanding.;I agree.;I agree.;Korea;one person;;;;;;;;;;;one person;a couple;a pair of friends;a small group of friends (3-4 people);;;;an empty nester(s) (i.e. an individual or a couple whose children have grown up and moved away);a Finnish JYU degree student interested in becoming a local friend;;;Good;Basic;Native/very good;;Korean;;;Sports and Outdoor Activities | This category includes activities such as basketball, volleyball, football, swimming, hiking, mountain-climbing, skiing, snowboarding, canoeing, rowing, and cycling.;;"Music playing | This category includes activities such as singing, playing an instrument(s) (piano, guitar, flute, cello, base etc.); which one(s)";Reading and Writing | This category includes activities such as literature, writing stories, blogging,;Cooking and Baking | This category includes activities such as cooking a particular type of a cuisine, wine tasting, making cocktails/mocktails, baking and decorating cakes, and trying new cuisines.;;;;Personal Development and Learning | This category includes activities such as discussing science and technology, society, history, philosophy, and recent news.;Animal and Nature-Related Interests | This category includes activities such as liking and being interested in pets (particularly cats and dogs) and/or wild animals, plants, or home gardening.;;Visual Art | This category includes activities such as drawing, painting, photography, architecture, and illustration and design.;;;;Male;Female;31 - 35;All ages are fine ;;;;;;;;;;;;;;I/We do not want any pets to be part of the visits.;;;;Meeting new people;;;Gender identity;;;;;;;
S19;I am a international JYU degree student applying to become a student friend for a local person(s).;;I am familiar with the Local Friendship Programme.;I appreciate the principles of the Local Friendship Programme, which are all about inclusivity, respect and understanding.;I agree.;I agree.;Spain;one person;;;;;;;;;;;one person;a couple;a pair of friends;;a family with children under 5 years;;a family with children over 15 years;;a Finnish JYU degree student interested in becoming a local friend;;;Native/very good;Basic;Native/very good;;Spanish;;;Sports and Outdoor Activities | This category includes activities such as basketball, volleyball, football, swimming, hiking, mountain-climbing, skiing, snowboarding, canoeing, rowing, and cycling.;;;;;;;;Personal Development and Learning | This category includes activities such as discussing science and technology, society, history, philosophy, and recent news.;;Handicrafts | This category includes activities such as making DIY crafts, jewelry, crochet/knitting, wood-work, and forging workshops.;Visual Art | This category includes activities such as drawing, painting, photography, architecture, and illustration and design.;;;;Female;All are fine;31 - 35;All ages are fine ;;;;;;;;;;;;;All pets are welcome.;;;;;Learning about Finland;Open mind;;;;;;;;;
S20;I am a international JYU degree student applying to become a student friend for a local person(s).;No;I am familiar with the Local Friendship Programme.;I appreciate the principles of the Local Friendship Programme, which are all about inclusivity, respect and understanding.;I agree.;I agree.;Egypt;;;;;a family with children under 5 years;;;;;;;one person;a couple;;;;;a family with children over 15 years;;;;;Native/very good;Basic;Native/very good;;Arabic;;;;Music enjoying | This category includes activities such as listening to music, going to concerts.;;;Cooking and Baking | This category includes activities such as cooking a particular type of a cuisine, wine tasting, making cocktails/mocktails, baking and decorating cakes, and trying new cuisines.;Nature and Outdoor Exploration | This category includes activities such as berry or mushroom picking, hiking/trekking, tenting, having a picnic, roasting marshmallows on a campfire, fishing, hunting, exploring nature, and visiting natural attractions.;;Socializing and Entertainment | This category includes activities such as going to cafes or pubs, watching movies and shows together, playing video/board games, partying and dancing.;;Animal and Nature-Related Interests | This category includes activities such as liking and being interested in pets (particularly cats and dogs) and/or wild animals, plants, or home gardening.;Handicrafts | This category includes activities such as making DIY crafts, jewelry, crochet/knitting, wood-work, and forging workshops.;Visual Art | This category includes activities such as drawing, painting, photography, architecture, and illustration and design.;;;;Male;All are fine;31 - 35;;;26 - 30;31 - 35;36 - 40;;;;;;;;;;I/We do not want any pets to be part of the visits.;;;;Meeting new people;;;;;;;;;;
L1;I am a local resident applying to become a local friend for an international JYU degree student(s).;;I am familiar with the Local Friendship Programme.;I appreciate the principles of the Local Friendship Programme, which are all about inclusivity, respect and understanding.;I agree.;I agree.;Suomi;one person;;;;;;;;;a native Finn;;one person;;;;a family with children under 5 years;a family with children of 5 to 15 years;a family with children over 15 years;;;;;Good;Native/very good;Basic;;French;;;;;"Music playing | This category includes activities such as singing, playing an instrument(s) (piano, guitar, flute, cello, base etc.); which one(s)";Reading and Writing | This category includes activities such as literature, writing stories, blogging,;Cooking and Baking | This category includes activities such as cooking a particular type of a cuisine, wine tasting, making cocktails/mocktails, baking and decorating cakes, and trying new cuisines.;Nature and Outdoor Exploration | This category includes activities such as berry or mushroom picking, hiking/trekking, tenting, having a picnic, roasting marshmallows on a campfire, fishing, hunting, exploring nature, and visiting natural attractions.;;Socializing and Entertainment | This category includes activities such as going to cafes or pubs, watching movies and shows together, playing video/board games, partying and dancing.;Personal Development and Learning | This category includes activities such as discussing science and technology, society, history, philosophy, and recent news.;Animal and Nature-Related Interests | This category includes activities such as liking and being interested in pets (particularly cats and dogs) and/or wild animals, plants, or home gardening.;;Visual Art | This category includes activities such as drawing, painting, photography, architecture, and illustration and design.;;;;Male;All are fine;31 - 35;;;;31 - 35;36 - 40;41 - 45;46 - 50;;;;;;;;I/We do not want any pets to be part of the visits.;;;;Meeting new people;Reliability;;Language;;German or Spanish;;;;;
L2;I am a local resident applying to become a local friend for an international JYU degree student(s).;;I am familiar with the Local Friendship Programme.;I appreciate the principles of the Local Friendship Programme, which are all about inclusivity, respect and understanding.;I agree.;I agree.;Suomi;;;;;a family with children under 5 years;;;;a Finnish JYU degree student interested in becoming a local friend;a native Finn;;one person;a couple;a pair of friends;a small group of friends (3-4 people);a family with children under 5 years;;;;a Finnish JYU degree student interested in becoming a local friend;;;Native/very good;Native/very good;Good;;French;;;Sports and Outdoor Activities | This category includes activities such as basketball, volleyball, football, swimming, hiking, mountain-climbing, skiing, snowboarding, canoeing, rowing, and cycling.;;;Reading and Writing | This category includes activities such as literature, writing stories, blogging,;;Nature and Outdoor Exploration | This category includes activities such as berry or mushroom picking, hiking/trekking, tenting, having a picnic, roasting marshmallows on a campfire, fishing, hunting, exploring nature, and visiting natural attractions.;Travelling and adventure | This category includes activities such as visiting new places and exploring new (sub)cultures.;Socializing and Entertainment | This category includes activities such as going to cafes or pubs, watching movies and shows together, playing video/board games, partying and dancing.;Personal Development and Learning | This category includes activities such as discussing science and technology, society, history, philosophy, and recent news.;Animal and Nature-Related Interests | This category includes activities such as liking and being interested in pets (particularly cats and dogs) and/or wild animals, plants, or home gardening.;;Visual Art | This category includes activities such as drawing, painting, photography, architecture, and illustration and design.;Cultural heritage | This category includes activities for sharing and exploring cultural features and traditions,such as manners, communication, history, traditional festivals and social behaviour. In Finland, for example, this includes sauna and summerhouse culture.;;;Male;Female;36 - 40;;;;31 - 35;;;;;;;;;;All pets are welcome.;;;;;Meeting new people;Reliability;;;;;;;;;
L3;I am a local resident applying to become a local friend for an international JYU degree student(s).;;I am familiar with the Local Friendship Programme.;I appreciate the principles of the Local Friendship Programme, which are all about inclusivity, respect and understanding.;I agree.;I agree.;Suomi;one person;;;;;;;;;a native Finn;;one person;;a pair of friends;a small group of friends (3-4 people);;;a family with children over 15 years;an empty nester(s) (i.e. an individual or a couple whose children have grown up and moved away);a Finnish JYU degree student interested in becoming a local friend;;;Native/very good;Native/very good;;;;;;Sports and Outdoor Activities | This category includes activities such as basketball, volleyball, football, swimming, hiking, mountain-climbing, skiing, snowboarding, canoeing, rowing, and cycling.;;;;Cooking and Baking | This category includes activities such as cooking a particular type of a cuisine, wine tasting, making cocktails/mocktails, baking and decorating cakes, and trying new cuisines.;Nature and Outdoor Exploration | This category includes activities such as berry or mushroom picking, hiking/trekking, tenting, having a picnic, roasting marshmallows on a campfire, fishing, hunting, exploring nature, and visiting natural attractions.;;;;;Handicrafts | This category includes activities such as making DIY crafts, jewelry, crochet/knitting, wood-work, and forging workshops.;;;;;Female;All are fine;Over 65;All ages are fine ;;;;;;;;;;;;I/we don't have any pets.;All pets are welcome.;;;;;Learning about Finland;Honesty and humour;;Age category;;;;;;20-30, close to my own age;
L4;I am a local resident applying to become a local friend for an international JYU degree student(s).;;I am familiar with the Local Friendship Programme.;I appreciate the principles of the Local Friendship Programme, which are all about inclusivity, respect and understanding.;I agree.;I agree.;Finland;one person;;;;;;;;;a native Finn;;one person;;a pair of friends;a small group of friends (3-4 people);;a family with children of 5 to 15 years;;an empty nester(s) (i.e. an individual or a couple whose children have grown up and moved away);;;;Basic;Native/very good;;;;;;Sports and Outdoor Activities | This category includes activities such as basketball, volleyball, football, swimming, hiking, mountain-climbing, skiing, snowboarding, canoeing, rowing, and cycling.;Music enjoying | This category includes activities such as listening to music, going to concerts.;;;Cooking and Baking | This category includes activities such as cooking a particular type of a cuisine, wine tasting, making cocktails/mocktails, baking and decorating cakes, and trying new cuisines.;;Travelling and adventure | This category includes activities such as visiting new places and exploring new (sub)cultures.;;;;;Visual Art | This category includes activities such as drawing, painting, photography, architecture, and illustration and design.;;;;Female;Female;Over 65;;;;;;;46 - 50;51- 55;56 - 60;;;;;;I/We do not want any pets to be part of the visits.;;;;Sharing my culture;;;;;;;;;;
L5;I am a local resident applying to become a local friend for an international JYU degree student(s).;;I am familiar with the Local Friendship Programme.;I appreciate the principles of the Local Friendship Programme, which are all about inclusivity, respect and understanding.;I agree.;I agree.;Suomi;one person;;;;;;;;a Finnish JYU degree student interested in becoming a local friend;a native Finn;;one person;a couple;;;;;;an empty nester(s) (i.e. an individual or a couple whose children have grown up and moved away);a Finnish JYU degree student interested in becoming a local friend;;;Native/very good;Native/very good;;;;;;;;"Music playing | This category includes activities such as singing, playing an instrument(s) (piano, guitar, flute, cello, base etc.); which one(s)";Reading and Writing | This category includes activities such as literature, writing stories, blogging,;Cooking and Baking | This category includes activities such as cooking a particular type of a cuisine, wine tasting, making cocktails/mocktails, baking and decorating cakes, and trying new cuisines.;Nature and Outdoor Exploration | This category includes activities such as berry or mushroom picking, hiking/trekking, tenting, having a picnic, roasting marshmallows on a campfire, fishing, hunting, exploring nature, and visiting natural attractions.;Travelling and adventure | This category includes activities such as visiting new places and exploring new (sub)cultures.;Socializing and Entertainment | This category includes activities such as going to cafes or pubs, watching movies and shows together, playing video/board games, partying and dancing.;;;;;Cultural heritage | This category includes activities for sharing and exploring cultural features and traditions,such as manners, communication, history, traditional festivals and social behaviour. In Finland, for example, this includes sauna and summerhouse culture.;;;Female;Female;21 - 25;;18 - 25;26 - 30;31 - 35;;;;;;;;;;All pets are welcome.;;;;;Sharing my culture;;;Other;;;;;;;Someone from Japan would be lovely
L6;I am a local resident applying to become a local friend for an international JYU degree student(s).;;I am familiar with the Local Friendship Programme.;I appreciate the principles of the Local Friendship Programme, which are all about inclusivity, respect and understanding.;I agree.;I agree.;Suomi;one person;;;;;;;;;a native Finn;;one person;;a pair of friends;;;;;;a Finnish JYU degree student interested in becoming a local friend;;;Native/very good;Native/very good;;;;;;Sports and Outdoor Activities | This category includes activities such as basketball, volleyball, football, swimming, hiking, mountain-climbing, skiing, snowboarding, canoeing, rowing, and cycling.;Music enjoying | This category includes activities such as listening to music, going to concerts.;;Reading and Writing | This category includes activities such as literature, writing stories, blogging,;;;Travelling and adventure | This category includes activities such as visiting new places and exploring new (sub)cultures.;Socializing and Entertainment | This category includes activities such as going to cafes or pubs, watching movies and shows together, playing video/board games, partying and dancing.;;Animal and Nature-Related Interests | This category includes activities such as liking and being interested in pets (particularly cats and dogs) and/or wild animals, plants, or home gardening.;Handicrafts | This category includes activities such as making DIY crafts, jewelry, crochet/knitting, wood-work, and forging workshops.;Visual Art | This category includes activities such as drawing, painting, photography, architecture, and illustration and design.;Cultural heritage | This category includes activities for sharing and exploring cultural features and traditions,such as manners, communication, history, traditional festivals and social behaviour. In Finland, for example, this includes sauna and summerhouse culture.;;;;Female;Over 65;All ages are fine ;;;;;;;;;;;I/we do have a pet(s):;;;;;Cat;;Practising languages;Open mind;;;;;;;;;
L7;I am a local resident applying to become a local friend for an international JYU degree student(s).;;I am familiar with the Local Friendship Programme.;I appreciate the principles of the Local Friendship Programme, which are all about inclusivity, respect and understanding.;I agree.;I agree.;Suomi;one person;;;;;;;;;a native Finn;;one person;a couple;;a small group of friends (3-4 people);a family with children under 5 years;a family with children of 5 to 15 years;a family with children over 15 years;;a Finnish JYU degree student interested in becoming a local friend;;;Good;Native/very good;Basic;;Japanese;;;;;"Music playing | This category includes activities such as singing, playing an instrument(s) (piano, guitar, flute, cello, base etc.); which one(s)";;Cooking and Baking | This category includes activities such as cooking a particular type of a cuisine, wine tasting, making cocktails/mocktails, baking and decorating cakes, and trying new cuisines.;;;;;;;;Cultural heritage | This category includes activities for sharing and exploring cultural features and traditions,such as manners, communication, history, traditional festivals and social behaviour. In Finland, for example, this includes sauna and summerhouse culture.;;;Female;All are fine;Over 65;;;;;;;;51- 55;56 - 60;61 - 65;Over 65;I/we do have a pet(s):;;;;;a cat;;Learning about Finland;Open mind;;;;;;;;;
L8;I am a local resident applying to become a local friend for an international JYU degree student(s).;;I am familiar with the Local Friendship Programme.;I appreciate the principles of the Local Friendship Programme, which are all about inclusivity, respect and understanding.;I agree.;I agree.;Suomi;one person;;;;;;;;;a native Finn;;one person;a couple;a pair of friends;;a family with children under 5 years;;;an empty nester(s) (i.e. an individual or a couple whose children have grown up and moved away);a Finnish JYU degree student interested in becoming a local friend;;;Native/very good;Native/very good;Basic;;French;;;Sports and Outdoor Activities | This category includes activities such as basketball, volleyball, football, swimming, hiking, mountain-climbing, skiing, snowboarding, canoeing, rowing, and cycling.;;"Music playing | This category includes activities such as singing, playing an instrument(s) (piano, guitar, flute, cello, base etc.); which one(s)";;;;Travelling and adventure | This category includes activities such as visiting new places and exploring new (sub)cultures.;Socializing and Entertainment | This category includes activities such as going to cafes or pubs, watching movies and shows together, playing video/board games, partying and dancing.;Personal Development and Learning | This category includes activities such as discussing science and technology, society, history, philosophy, and recent news.;Animal and Nature-Related Interests | This category includes activities such as liking and being interested in pets (particularly cats and dogs) and/or wild animals, plants, or home gardening.;Handicrafts | This category includes activities such as making DIY crafts, jewelry, crochet/knitting, wood-work, and forging workshops.;Visual Art | This category includes activities such as drawing, painting, photography, architecture, and illustration and design.;;;;Female;Female;41 - 45;All ages are fine ;;;;;;;;;;;I/we do have a pet(s):;;;;;2 dogs;;Meeting new people;;;Hobbies and interests;;;Cooking or baking together;;;;
L9;I am a local resident applying to become a local friend for an international JYU degree student(s).;;I am familiar with the Local Friendship Programme.;I appreciate the principles of the Local Friendship Programme, which are all about inclusivity, respect and understanding.;I agree.;I agree.;Suomi;one person;;;;;;;;;a native Finn;;one person;a couple;;a small group of friends (3-4 people);;;;an empty nester(s) (i.e. an individual or a couple whose children have grown up and moved away);;;;Native/very good;Native/very good;Good;;French;;;Sports and Outdoor Activities | This category includes activities such as basketball, volleyball, football, swimming, hiking, mountain-climbing, skiing, snowboarding, canoeing, rowing, and cycling.;Music enjoying | This category includes activities such as listening to music, going to concerts.;;Reading and Writing | This category includes activities such as literature, writing stories, blogging,;Cooking and Baking | This category includes activities such as cooking a particular type of a cuisine, wine tasting, making cocktails/mocktails, baking and decorating cakes, and trying new cuisines.;Nature and Outdoor Exploration | This category includes activities such as berry or mushroom picking, hiking/trekking, tenting, having a picnic, roasting marshmallows on a campfire, fishing, hunting, exploring nature, and visiting natural attractions.;;Socializing and Entertainment | This category includes activities such as going to cafes or pubs, watching movies and shows together, playing video/board games, partying and dancing.;Personal Development and Learning | This category includes activities such as discussing science and technology, society, history, philosophy, and recent news.;;;Visual Art | This category includes activities such as drawing, painting, photography, architecture, and illustration and design.;Cultural heritage | This category includes activities for sharing and exploring cultural features and traditions,such as manners, communication, history, traditional festivals and social behaviour. In Finland, for example, this includes sauna and summerhouse culture.;;;Female;All are fine;46 - 50;;;;;;;46 - 50;;;;;I/we do have a pet(s):;;;;;a small dog;;Learning about Finland;;;;;;;;;;
L10;I am a local resident applying to become a local friend for an international JYU degree student(s).;;I am familiar with the Local Friendship Programme.;I appreciate the principles of the Local Friendship Programme, which are all about inclusivity, respect and understanding.;I agree.;I agree.;Finland;one person;;;;;;;;a Finnish JYU degree student interested in becoming a local friend;a native Finn;;one person;;;a small group of friends (3-4 people);a family with children under 5 years;a family with children of 5 to 15 years;;;;;;Native/very good;Native/very good;Basic;;Spanish;;;Sports and Outdoor Activities | This category includes activities such as basketball, volleyball, football, swimming, hiking, mountain-climbing, skiing, snowboarding, canoeing, rowing, and cycling.;Music enjoying | This category includes activities such as listening to music, going to concerts.;"Music playing | This category includes activities such as singing, playing an instrument(s) (piano, guitar, flute, cello, base etc.); which one(s)";Reading and Writing | This category includes activities such as literature, writing stories, blogging,;Cooking and Baking | This category includes activities such as cooking a particular type of a cuisine, wine tasting, making cocktails/mocktails, baking and decorating cakes, and trying new cuisines.;Nature and Outdoor Exploration | This category includes activities such as berry or mushroom picking, hiking/trekking, tenting, having a picnic, roasting marshmallows on a campfire, fishing, hunting, exploring nature, and visiting natural attractions.;Travelling and adventure | This category includes activities such as visiting new places and exploring new (sub)cultures.;;Personal Development and Learning | This category includes activities such as discussing science and technology, society, history, philosophy, and recent news.;Animal and Nature-Related Interests | This category includes activities such as liking and being interested in pets (particularly cats and dogs) and/or wild animals, plants, or home gardening.;;;Cultural heritage | This category includes activities for sharing and exploring cultural features and traditions,such as manners, communication, history, traditional festivals and social behaviour. In Finland, for example, this includes sauna and summerhouse culture.;;;Male;All are fine;41 - 45;;;;;;41 - 45;46 - 50;51- 55;56 - 60;;;;;All pets are welcome.;;;;;Meeting new people;Reliability;;Other;;;;;;;No cat owners - I am allergic
L11;I am a local resident applying to become a local friend for an international JYU degree student(s).;;I am familiar with the Local Friendship Programme.;I appreciate the principles of the Local Friendship Programme, which are all about inclusivity, respect and understanding.;I agree.;I agree.;Suomi;one person;;;;;;;;;a native Finn;;one person;;;;;;;an empty nester(s) (i.e. an individual or a couple whose children have grown up and moved away);a Finnish JYU degree student interested in becoming a local friend;;;Good;Native/very good;Basic;;Japanese;;;Sports and Outdoor Activities | This category includes activities such as basketball, volleyball, football, swimming, hiking, mountain-climbing, skiing, snowboarding, canoeing, rowing, and cycling.;Music enjoying | This category includes activities such as listening to music, going to concerts.;"Music playing | This category includes activities such as singing, playing an instrument(s) (piano, guitar, flute, cello, base etc.); which one(s)";Reading and Writing | This category includes activities such as literature, writing stories, blogging,;;Nature and Outdoor Exploration | This category includes activities such as berry or mushroom picking, hiking/trekking, tenting, having a picnic, roasting marshmallows on a campfire, fishing, hunting, exploring nature, and visiting natural attractions.;Travelling and adventure | This category includes activities such as visiting new places and exploring new (sub)cultures.;Socializing and Entertainment | This category includes activities such as going to cafes or pubs, watching movies and shows together, playing video/board games, partying and dancing.;Personal Development and Learning | This category includes activities such as discussing science and technology, society, history, philosophy, and recent news.;;Handicrafts | This category includes activities such as making DIY crafts, jewelry, crochet/knitting, wood-work, and forging workshops.;Visual Art | This category includes activities such as drawing, painting, photography, architecture, and illustration and design.;;;;Male;All are fine;21 - 25;;18 - 25;;;;;;;;;;;;All pets are welcome.;;;;;Sharing my culture;Open mind;;;;;;;;;
L12;I am a local resident applying to become a local friend for an international JYU degree student(s).;;I am familiar with the Local Friendship Programme.;I appreciate the principles of the Local Friendship Programme, which are all about inclusivity, respect and understanding.;I agree.;I agree.;Suomi;;;a pair of friends;;;;;;a Finnish JYU degree student interested in becoming a local friend;a native Finn;;one person;a couple;a pair of friends;a small group of friends (3-4 people);a family with children under 5 years;;a family with children over 15 years;;;;;Native/very good;Native/very good;Good;;German;;;;Music enjoying | This category includes activities such as listening to music, going to concerts.;;Reading and Writing | This category includes activities such as literature, writing stories, blogging,;;;;Socializing and Entertainment | This category includes activities such as going to cafes or pubs, watching movies and shows together, playing video/board games, partying and dancing.;;Animal and Nature-Related Interests | This category includes activities such as liking and being interested in pets (particularly cats and dogs) and/or wild animals, plants, or home gardening.;;;Cultural heritage | This category includes activities for sharing and exploring cultural features and traditions,such as manners, communication, history, traditional festivals and social behaviour. In Finland, for example, this includes sauna and summerhouse culture.;;;Male;All are fine;61 - 65;;;;;;;46 - 50;51- 55;;;;;;;I/We do not want any pets to be part of the visits.;;;;Meeting new people;;;;;;;;;;
L13;I am a local resident applying to become a local friend for an international JYU degree student(s).;;I am familiar with the Local Friendship Programme.;I appreciate the principles of the Local Friendship Programme, which are all about inclusivity, respect and understanding.;I agree.;I agree.;Finland;one person;;;;;;;;;a native Finn;;one person;;;;a family with children under 5 years;a family with children of 5 to 15 years;a family with children over 15 years;an empty nester(s) (i.e. an individual or a couple whose children have grown up and moved away);;;;Good;Native/very good;Good;;Japanese;;;;Music enjoying | This category includes activities such as listening to music, going to concerts.;;Reading and Writing | This category includes activities such as literature, writing stories, blogging,;;Nature and Outdoor Exploration | This category includes activities such as berry or mushroom picking, hiking/trekking, tenting, having a picnic, roasting marshmallows on a campfire, fishing, hunting, exploring nature, and visiting natural attractions.;;;Personal Development and Learning | This category includes activities such as discussing science and technology, society, history, philosophy, and recent news.;Animal and Nature-Related Interests | This category includes activities such as liking and being interested in pets (particularly cats and dogs) and/or wild animals, plants, or home gardening.;;;;;;Male;All are fine;Over 65;All ages are fine ;;;;;;;;;;;;;;I/We do not want any pets to be part of the visits.;;;;Meeting new people;Honesty and humour;;Language;;French;;;;;
L14;I am a local resident applying to become a local friend for an international JYU degree student(s).;;I am familiar with the Local Friendship Programme.;I appreciate the principles of the Local Friendship Programme, which are all about inclusivity, respect and understanding.;I agree.;I agree.;Suomi;one person;;;;;;;;a Finnish JYU degree student interested in becoming a local friend;a native Finn;;one person;;;;a family with children under 5 years;;a family with children over 15 years;;;;;Native/very good;Native/very good;Basic;;Spanish;;;Sports and Outdoor Activities | This category includes activities such as basketball, volleyball, football, swimming, hiking, mountain-climbing, skiing, snowboarding, canoeing, rowing, and cycling.;Music enjoying | This category includes activities such as listening to music, going to concerts.;"Music playing | This category includes activities such as singing, playing an instrument(s) (piano, guitar, flute, cello, base etc.); which one(s)";Reading and Writing | This category includes activities such as literature, writing stories, blogging,;Cooking and Baking | This category includes activities such as cooking a particular type of a cuisine, wine tasting, making cocktails/mocktails, baking and decorating cakes, and trying new cuisines.;;;Socializing and Entertainment | This category includes activities such as going to cafes or pubs, watching movies and shows together, playing video/board games, partying and dancing.;Personal Development and Learning | This category includes activities such as discussing science and technology, society, history, philosophy, and recent news.;;;;;;;Female;All are fine;61 - 65;;;;;;;;51- 55;56 - 60;;;;;All pets are welcome.;;;;;Meeting new people;Reliability;;;;;;;;;
L15;I am a local resident applying to become a local friend for an international JYU degree student(s).;;I am familiar with the Local Friendship Programme.;I appreciate the principles of the Local Friendship Programme, which are all about inclusivity, respect and understanding.;I agree.;I agree.;Finland;one person;;;;;;;;a Finnish JYU degree student interested in becoming a local friend;a native Finn;;one person;;;;a family with children under 5 years;;;an empty nester(s) (i.e. an individual or a couple whose children have grown up and moved away);;;;Good;Native/very good;Basic;;Spanish;;;;;;;;;;;Personal Development and Learning | This category includes activities such as discussing science and technology, society, history, philosophy, and recent news.;Animal and Nature-Related Interests | This category includes activities such as liking and being interested in pets (particularly cats and dogs) and/or wild animals, plants, or home gardening.;Handicrafts | This category includes activities such as making DIY crafts, jewelry, crochet/knitting, wood-work, and forging workshops.;Visual Art | This category includes activities such as drawing, painting, photography, architecture, and illustration and design.;Cultural heritage | This category includes activities for sharing and exploring cultural features and traditions,such as manners, communication, history, traditional festivals and social behaviour. In Finland, for example, this includes sauna and summerhouse culture.;;;Female;Female;21 - 25;;18 - 25;26 - 30;31 - 35;36 - 40;;;;;;;;I/we don't have any pets.;All pets are welcome.;;;;;Meeting new people;;;Gender identity;;;;;Women only;;
L16;I am a local resident applying to become a local friend for an international JYU degree student(s).;;I am familiar with the Local Friendship Programme.;I appreciate the principles of the Local Friendship Programme, which are all about inclusivity, respect and understanding.;I agree.;I agree.;Suomi;one person;;;;;;;;;a native Finn;;one person;a couple;a pair of friends;;a family with children under 5 years;a family with children of 5 to 15 years;a family with children over 15 years;;a Finnish JYU degree student interested in becoming a local friend;;;Good;Native/very good;;;;;;Sports and Outdoor Activities | This category includes activities such as basketball, volleyball, football, swimming, hiking, mountain-climbing, skiing, snowboarding, canoeing, rowing, and cycling.;Music enjoying | This category includes activities such as listening to music, going to concerts.;"Music playing | This category includes activities such as singing, playing an instrument(s) (piano, guitar, flute, cello, base etc.); which one(s)";;Cooking and Baking | This category includes activities such as cooking a particular type of a cuisine, wine tasting, making cocktails/mocktails, baking and decorating cakes, and trying new cuisines.;;Travelling and adventure | This category includes activities such as visiting new places and exploring new (sub)cultures.;Socializing and Entertainment | This category includes activities such as going to cafes or pubs, watching movies and shows together, playing video/board games, partying and dancing.;;Animal and Nature-Related Interests | This category includes activities such as liking and being interested in pets (particularly cats and dogs) and/or wild animals, plants, or home gardening.;Handicrafts | This category includes activities such as making DIY crafts, jewelry, crochet/knitting, wood-work, and forging workshops.;Visual Art | This category includes activities such as drawing, painting, photography, architecture, and illustration and design.;;;;Female;Female;Over 65;;;;;;;46 - 50;51- 55;;;;;I/we don't have any pets.;All pets are welcome.;;;;;Practising languages;Honesty and humour;;;;;;;;;
L17;I am a local resident applying to become a local friend for an international JYU degree student(s).;;I am familiar with the Local Friendship Programme.;I appreciate the principles of the Local Friendship Programme, which are all about inclusivity, respect and understanding.;I agree.;I agree.;Finland;one person;;;;;;;;;a native Finn;;one person;;a pair of friends;;a family with children under 5 years;a family with children of 5 to 15 years;a family with children over 15 years;;;;;Good;Native/very good;Good;;Swedish;;;;Music enjoying | This category includes activities such as listening to music, going to concerts.;"Music playing | This category includes activities such as singing, playing an instrument(s) (piano, guitar, flute, cello, base etc.); which one(s)";Reading and Writing | This category includes activities such as literature, writing stories, blogging,;Cooking and Baking | This category includes activities such as cooking a particular type of a cuisine, wine tasting, making cocktails/mocktails, baking and decorating cakes, and trying new cuisines.;;Travelling and adventure | This category includes activities such as visiting new places and exploring new (sub)cultures.;Socializing and Entertainment | This category includes activities such as going to cafes or pubs, watching movies and shows together, playing video/board games, partying and dancing.;;;;;Cultural heritage | This category includes activities for sharing and exploring cultural features and traditions,such as manners, communication, history, traditional festivals and social behaviour. In Finland, for example, this includes sauna and summerhouse culture.;;;Male;All are fine;21 - 25;All ages are fine ;;;;;;;;;;;;;All pets are welcome.;;;;;Meeting new people;Open mind;;;;;;;;;
L18;I am a local resident applying to become a local friend for an international JYU degree student(s).;;I am familiar with the Local Friendship Programme.;I appreciate the principles of the Local Friendship Programme, which are all about inclusivity, respect and understanding.;I agree.;I agree.;Suomi;one person;;;;;;;;a Finnish JYU degree student interested in becoming a local friend;a native Finn;;one person;a couple;a pair of friends;;;;a family with children over 15 years;an empty nester(s) (i.e. an individual or a couple whose children have grown up and moved away);a Finnish JYU degree student interested in becoming a local friend;;;Native/very good;Native/very good;Basic;;Spanish;;;Sports and Outdoor Activities | This category includes activities such as basketball, volleyball, football, swimming, hiking, mountain-climbing, skiing, snowboarding, canoeing, rowing, and cycling.;Music enjoying | This category includes activities such as listening to music, going to concerts.;"Music playing | This category includes activities such as singing, playing an instrument(s) (piano, guitar, flute, cello, base etc.); which one(s)";;Cooking and Baking | This category includes activities such as cooking a particular type of a cuisine, wine tasting, making cocktails/mocktails, baking and decorating cakes, and trying new cuisines.;Nature and Outdoor Exploration | This category includes activities such as berry or mushroom picking, hiking/trekking, tenting, having a picnic, roasting marshmallows on a campfire, fishing, hunting, exploring nature, and visiting natural attractions.;Travelling and adventure | This category includes activities such as visiting new places and exploring new (sub)cultures.;Socializing and Entertainment | This category includes activities such as going to cafes or pubs, watching movies and shows together, playing video/board games, partying and dancing.;Personal Development and Learning | This category includes activities such as discussing science and technology, society, history, philosophy, and recent news.;Animal and Nature-Related Interests | This category includes activities such as liking and being interested in pets (particularly cats and dogs) and/or wild animals, plants, or home gardening.;;Visual Art | This category includes activities such as drawing, painting, photography, architecture, and illustration and design.;;;;Female;All are fine;26 - 30;;18 - 25;26 - 30;31 - 35;36 - 40;;;;;;;;;All pets are welcome.;;;;;Sharing my culture;Reliability;;;;;;;;;
L19;I am a local resident applying to become a local friend for an international JYU degree student(s).;;I am familiar with the Local Friendship Programme.;I appreciate the principles of the Local Friendship Programme, which are all about inclusivity, respect and understanding.;I agree.;I agree.;Suomi;one person;;;;;;;;;a native Finn;;one person;;a pair of friends;;a family with children under 5 years;a family with children of 5 to 15 years;;;;;;Good;Native/very good;Good;;German;;;;Music enjoying | This category includes activities such as listening to music, going to concerts.;"Music playing | This category includes activities such as singing, playing an instrument(s) (piano, guitar, flute, cello, base etc.); which one(s)";Reading and Writing | This category includes activities such as literature, writing stories, blogging,;;Nature and Outdoor Exploration | This category includes activities such as berry or mushroom picking, hiking/trekking, tenting, having a picnic, roasting marshmallows on a campfire, fishing, hunting, exploring nature, and visiting natural attractions.;Travelling and adventure | This category includes activities such as visiting new places and exploring new (sub)cultures.;Socializing and Entertainment | This category includes activities such as going to cafes or pubs, watching movies and shows together, playing video/board games, partying and dancing.;;;;Visual Art | This category includes activities such as drawing, painting, photography, architecture, and illustration and design.;;;;Male;All are fine;46 - 50;;;;;;41 - 45;46 - 50;;;;;;I/we don't have any pets.;All pets are welcome.;;;;;Practising languages;Reliability;;Other;;;;;;;Not a student from my own department
L20;I am a local resident applying to become a local friend for an international JYU degree student(s).;;I am familiar with the Local Friendship Programme.;I appreciate the principles of the Local Friendship Programme, which are all about inclusivity, respect and understanding.;I agree.;I agree.;Suomi;;;;;a family with children under 5 years;;;;a Finnish JYU degree student interested in becoming a local friend;a native Finn;;one person;a couple;a pair of friends;;a family with children under 5 years;a family with children of 5 to 15 years;;;a Finnish JYU degree student interested in becoming a local friend;;;Native/very good;Native/very good;;;;;;Sports and Outdoor Activities | This category includes activities such as basketball, volleyball, football, swimming, hiking, mountain-climbing, skiing, snowboarding, canoeing, rowing, and cycling.;;;;;;Travelling and adventure | This category includes activities such as visiting new places and exploring new (sub)cultures.;Socializing and Entertainment | This category includes activities such as going to cafes or pubs, watching movies and shows together, playing video/board games, partying and dancing.;;;Handicrafts | This category includes activities such as making DIY crafts, jewelry, crochet/knitting, wood-work, and forging workshops.;;Cultural heritage | This category includes activities for sharing and exploring cultural features and traditions,such as manners, communication, history, traditional festivals and social behaviour. In Finland, for example, this includes sauna and summerhouse culture.;;;Male;All are fine;21 - 25;;18 - 25;26 - 30;31 - 35;;;;;;;;;I/we don't have any pets.;All pets are welcome.;;;;;Sharing my culture;Reliability;;;;;;;;;
L21;I am a local resident applying to become a local friend for an international JYU degree student(s).;;I am familiar with the Local Friendship Programme.;I appreciate the principles of the Local Friendship Programme, which are all about inclusivity, respect and understanding.;I agree.;I agree.;Suomi;one person;;;;;;;;;a native Finn;;one person;;;;;;a family with children over 15 years;;a Finnish JYU degree student interested in becoming a local friend;;;Native/very good;Native/very good;Basic;;Spanish;;;Sports and Outdoor Activities | This category includes activities such as basketball, volleyball, football, swimming, hiking, mountain-climbing, skiing, snowboarding, canoeing, rowing, and cycling.;Music enjoying | This category includes activities such as listening to music, going to concerts.;;Reading and Writing | This category includes activities such as literature, writing stories, blogging,;Cooking and Baking | This category includes activities such as cooking a particular type of a cuisine, wine tasting, making cocktails/mocktails, baking and decorating cakes, and trying new cuisines.;Nature and Outdoor Exploration | This category includes activities such as berry or mushroom picking, hiking/trekking, tenting, having a picnic, roasting marshmallows on a campfire, fishing, hunting, exploring nature, and visiting natural attractions.;;Socializing and Entertainment | This category includes activities such as going to cafes or pubs, watching movies and shows together, playing video/board games, partying and dancing.;Personal Development and Learning | This category includes activities such as discussing science and technology, society, history, philosophy, and recent news.;Animal and Nature-Related Interests | This category includes activities such as liking and being interested in pets (particularly cats and dogs) and/or wild animals, plants, or home gardening.;;Visual Art | This category includes activities such as drawing, painting, photography, architecture, and illustration and design.;;;;;All are fine;61 - 65;;;;;;;;51- 55;56 - 60;61 - 65;Over 65;;I/we don't have any pets.;All pets are welcome.;;;;;Meeting new people;Honesty and humour;;;;;;;;;
L22;I am a local resident applying to become a local friend for an international JYU degree student(s).;;I am familiar with the Local Friendship Programme.;I appreciate the principles of the Local Friendship Programme, which are all about inclusivity, respect and understanding.;I agree.;I agree.;Finland;one person;;;;;;;;a Finnish JYU degree student interested in becoming a local friend;a native Finn;;one person;a couple;a pair of friends;a small group of friends (3-4 people);a family with children under 5 years;a family with children of 5 to 15 years;;an empty nester(s) (i.e. an individual or a couple whose children have grown up and moved away);;;;Native/very good;Native/very good;Basic;;Swedish;;;;Music enjoying | This category includes activities such as listening to music, going to concerts.;;;;;Travelling and adventure | This category includes activities such as visiting new places and exploring new (sub)cultures.;Socializing and Entertainment | This category includes activities such as going to cafes or pubs, watching movies and shows together, playing video/board games, partying and dancing.;;Animal and Nature-Related Interests | This category includes activities such as liking and being interested in pets (particularly cats and dogs) and/or wild animals, plants, or home gardening.;Handicrafts | This category includes activities such as making DIY crafts, jewelry, crochet/knitting, wood-work, and forging workshops.;;;;;Female;Female;61 - 65;All ages are fine ;;;;;;;;;;;I/we do have a pet(s):;;;;;a cat;;Sharing my culture;Open mind;;Hobbies and interests;;;Some shared interests;;;;
L23;I am a local resident applying to become a local friend for an international JYU degree student(s).;;I am familiar with the Local Friendship Programme.;I appreciate the principles of the Local Friendship Programme, which are all about inclusivity, respect and understanding.;I agree.;I agree.;Finland;one person;;;;;;;;;a native Finn;;one person;;;;;;a family with children over 15 years;;a Finnish JYU degree student interested in becoming a local friend;;;Native/very good;Native/very good;Basic;;French;;;Sports and Outdoor Activities | This category includes activities such as basketball, volleyball, football, swimming, hiking, mountain-climbing, skiing, snowboarding, canoeing, rowing, and cycling.;;;;;;;Socializing and Entertainment | This category includes activities such as going to cafes or pubs, watching movies and shows together, playing video/board games, partying and dancing.;;;;Visual Art | This category includes activities such as drawing, painting, photography, architecture, and illustration and design.;Cultural heritage | This category includes activities for sharing and exploring cultural features and traditions,such as manners, communication, history, traditional festivals and social behaviour. In Finland, for example, this includes sauna and summerhouse culture.;;;Male;All are fine;26 - 30;;18 - 25;26 - 30;;;;;;;;;;;;I/We do not want any pets to be part of the visits.;;;;Meeting new people;Reliability;;;;;;;;;
L24;I am a local resident applying to become a local friend for an international JYU degree student(s).;;I am familiar with the Local Friendship Programme.;I appreciate the principles of the Local Friendship Programme, which are all about inclusivity, respect and understanding.;I agree.;I agree.;Finland;one person;;;;;;;;;a native Finn;;one person;;a pair of friends;;a family with children under 5 years;;;;;;;Good;Native/very good;;;;;;;Music enjoying | This category includes activities such as listening to music, going to concerts.;;Reading and Writing | This category includes activities such as literature, writing stories, blogging,;;Nature and Outdoor Exploration | This category includes activities such as berry or mushroom picking, hiking/trekking, tenting, having a picnic, roasting marshmallows on a campfire, fishing, hunting, exploring nature, and visiting natural attractions.;Travelling and adventure | This category includes activities such as visiting new places and exploring new (sub)cultures.;;;Animal and Nature-Related Interests | This category includes activities such as liking and being interested in pets (particularly cats and dogs) and/or wild animals, plants, or home gardening.;Handicrafts | This category includes activities such as making DIY crafts, jewelry, crochet/knitting, wood-work, and forging workshops.;;Cultural heritage | This category includes activities for sharing and exploring cultural features and traditions,such as manners, communication, history, traditional festivals and social behaviour. In Finland, for example, this includes sauna and summerhouse culture.;;;Female;Female;41 - 45;All ages are fine ;;;;;;;;;;;;;All pets are welcome.;;;;;Sharing my culture;Open mind;;;;;;;;;
L25;I am a local resident applying to become a local friend for an international JYU degree student(s).;;I am familiar with the Local Friendship Programme.;I appreciate the principles of the Local Friendship Programme, which are all about inclusivity, respect and understanding.;I agree.;I agree.;Finland;one person;;;;;;;;a Finnish JYU degree student interested in becoming a local friend;a native Finn;;one person;a couple;a pair of friends;a small group of friends (3-4 people);a family with children under 5 years;;a family with children over 15 years;an empty nester(s) (i.e. an individual or a couple whose children have grown up and moved away);;;;Good;Native/very good;;;;;;Sports and Outdoor Activities | This category includes activities such as basketball, volleyball, football, swimming, hiking, mountain-climbing, skiing, snowboarding, canoeing, rowing, and cycling.;Music enjoying | This category includes activities such as listening to music, going to concerts.;"Music playing | This category includes activities such as singing, playing an instrument(s) (piano, guitar, flute, cello, base etc.); which one(s)";;Cooking and Baking | This category includes activities such as cooking a particular type of a cuisine, wine tasting, making cocktails/mocktails, baking and decorating cakes, and trying new cuisines.;Nature and Outdoor Exploration | This category includes activities such as berry or mushroom picking, hiking/trekking, tenting, having a picnic, roasting marshmallows on a campfire, fishing, hunting, exploring nature, and visiting natural attractions.;Travelling and adventure | This category includes activities such as visiting new places and exploring new (sub)cultures.;Socializing and Entertainment | This category includes activities such as going to cafes or pubs, watching movies and shows together, playing video/board games, partying and dancing.;Personal Development and Learning | This category includes activities such as discussing science and technology, society, history, philosophy, and recent news.;Animal and Nature-Related Interests | This category includes activities such as liking and being interested in pets (particularly cats and dogs) and/or wild animals, plants, or home gardening.;Handicrafts | This category includes activities such as making DIY crafts, jewelry, crochet/knitting, wood-work, and forging workshops.;;;;;Female;Female;46 - 50;;;;;;;46 - 50;51- 55;56 - 60;;;;;;I/We do not want any pets to be part of the visits.;;;;Practising languages;;;Language;;Any common language is fine;;;;;
L26;I am a local resident applying to become a local friend for an international JYU degree student(s).;;I am familiar with the Local Friendship Programme.;I appreciate the principles of the Local Friendship Programme, which are all about inclusivity, respect and understanding.;I agree.;I agree.;Suomi;one person;;;;;;;;;a native Finn;;one person;;a pair of friends;a small group of friends (3-4 people);a family with children under 5 years;a family with children of 5 to 15 years;;an empty nester(s) (i.e. an individual or a couple whose children have grown up and moved away);;;;Native/very good;Native/very good;;;;;;Sports and Outdoor Activities | This category includes activities such as basketball, volleyball, football, swimming, hiking, mountain-climbing, skiing, snowboarding, canoeing, rowing, and cycling.;;;Reading and Writing | This category includes activities such as literature, writing stories, blogging,;Cooking and Baking | This category includes activities such as cooking a particular type of a cuisine, wine tasting, making cocktails/mocktails, baking and decorating cakes, and trying new cuisines.;Nature and Outdoor Exploration | This category includes activities such as berry or mushroom picking, hiking/trekking, tenting, having a picnic, roasting marshmallows on a campfire, fishing, hunting, exploring nature, and visiting natural attractions.;Travelling and adventure | This category includes activities such as visiting new places and exploring new (sub)cultures.;Socializing and Entertainment | This category includes activities such as going to cafes or pubs, watching movies and shows together, playing video/board games, partying and dancing.;Personal Development and Learning | This category includes activities such as discussing science and technology, society, history, philosophy, and recent news.;;;Visual Art | This category includes activities such as drawing, painting, photography, architecture, and illustration and design.;Cultural heritage | This category includes activities for sharing and exploring cultural features and traditions,such as manners, communication, history, traditional festivals and social behaviour. In Finland, for example, this includes sauna and summerhouse culture.;;;;Female;21 - 25;;18 - 25;;;;;;;;;;I/we do have a pet(s):;;;;;Cat;;Practising languages;Reliability;;;;;;;;;
L27;I am a local resident applying to become a local friend for an international JYU degree student(s).;;I am familiar with the Local Friendship Programme.;I appreciate the principles of the Local Friendship Programme, which are all about inclusivity, respect and understanding.;I agree.;I agree.;Suomi;one person;;;;;;;;;a native Finn;;one person;a couple;;a small group of friends (3-4 people);;;;;a Finnish JYU degree student interested in becoming a local friend;;;Native/very good;Native/very good;Good;;Swedish;;;Sports and Outdoor Activities | This category includes activities such as basketball, volleyball, football, swimming, hiking, mountain-climbing, skiing, snowboarding, canoeing, rowing, and cycling.;Music enjoying | This category includes activities such as listening to music, going to concerts.;"Music playing | This category includes activities such as singing, playing an instrument(s) (piano, guitar, flute, cello, base etc.); which one(s)";;;;;Socializing and Entertainment | This category includes activities such as going to cafes or pubs, watching movies and shows together, playing video/board games, partying and dancing.;Personal Development and Learning | This category includes activities such as discussing science and technology, society, history, philosophy, and recent news.;Animal and Nature-Related Interests | This category includes activities such as liking and being interested in pets (particularly cats and dogs) and/or wild animals, plants, or home gardening.;;Visual Art | This category includes activities such as drawing, painting, photography, architecture, and illustration and design.;Cultural heritage | This category includes activities for sharing and exploring cultural features and traditions,such as manners, communication, history, traditional festivals and social behaviour. In Finland, for example, this includes sauna and summerhouse culture.;;;Female;All are fine;36 - 40;All ages are fine ;;;;;;;;;;;;;All pets are welcome.;;;;;Meeting new people;;;;;;;;;;
L28;I am a local resident applying to become a local friend for an international JYU degree student(s).;;I am familiar with the Local Friendship Programme.;I appreciate the principles of the Local Friendship Programme, which are all about inclusivity, respect and understanding.;I agree.;I agree.;Finland;one person;;;;;;;;;a native Finn;;one person;;a pair of friends;a small group of friends (3-4 people);a family with children under 5 years;;a family with children over 15 years;an empty nester(s) (i.e. an individual or a couple whose children have grown up and moved away);;;;Native/very good;Native/very good;;;;;;Sports and Outdoor Activities | This category includes activities such as basketball, volleyball, football, swimming, hiking, mountain-climbing, skiing, snowboarding, canoeing, rowing, and cycling.;;"Music playing | This category includes activities such as singing, playing an instrument(s) (piano, guitar, flute, cello, base etc.); which one(s)";;Cooking and Baking | This category includes activities such as cooking a particular type of a cuisine, wine tasting, making cocktails/mocktails, baking and decorating cakes, and trying new cuisines.;Nature and Outdoor Exploration | This category includes activities such as berry or mushroom picking, hiking/trekking, tenting, having a picnic, roasting marshmallows on a campfire, fishing, hunting, exploring nature, and visiting natural attractions.;Travelling and adventure | This category includes activities such as visiting new places and exploring new (sub)cultures.;Socializing and Entertainment | This category includes activities such as going to cafes or pubs, watching movies and shows together, playing video/board games, partying and dancing.;Personal Development and Learning | This category includes activities such as discussing science and technology, society, history, philosophy, and recent news.;;;Visual Art | This category includes activities such as drawing, painting, photography, architecture, and illustration and design.;Cultural heritage | This category includes activities for sharing and exploring cultural features and traditions,such as manners, communication, history, traditional festivals and social behaviour. In Finland, for example, this includes sauna and summerhouse culture.;;;Male;Female;56 - 60;;;;;;;46 - 50;51- 55;;;;;I/we don't have any pets.;All pets are welcome.;;;;;Meeting new people;Open mind;;;;;;;;;
